,clean_text,non_vio_prob,vio_prob,violence_prediction
950,gsquare the chemical brothers t co pemgn iiyt,0.9288554058690179,0.0711445941309822,0.0
459,grinch erkenseimegidelim yzde varmgrelim akp seems sure support hand ignores early election requests,0.9400768478273938,0.059923152172606096,0.0
622,dtn world news vow stay put vow continue occupying ge t co lrovmx xjx,0.979625174824824,0.020374825175176116,0.0
20,petercnm the world watching this be strong,0.9550067866800312,0.04499321331996869,0.0
922,senayataselim a dream dream alone dream a dream dream together reality john lennon gezipark,0.9289076581666311,0.0710923418333687,0.0
346,besiktas going down by gov police help,0.4824393340874565,0.5175606659125436,1.0
549,occupydenmark create public food resources streets stanbul photo record ht,0.9493740832812954,0.050625916718704644,0.0
341,zeynep ikoker solidarity platform police uses extensive rubber bullets tear gas stun grenades,0.5451132982270173,0.4548867017729826,1.0
242,fireworks going minutes ago wearegezi t co a xg bp via crypt nymous,0.9380326687559621,0.06196733124403791,0.0
599,asli agaoglu people crossing bridge support it protesting direngezipaki,0.9297028693002481,0.07029713069975213,0.0
1089,rober jua tracking drop tweets lot ppl talking police attack t co tf wnfvwez,0.8046799849684796,0.1953200150315206,0.0
533,amnestyonline must halt brutal police repression investigate abuses t co wghkhtjifl humanrights,0.8123164519050716,0.1876835480949285,0.0
135,com despite attack t co tzzz yip m continue post updates bradley manning trial,0.9525829779656416,0.04741702203435835,0.0
362,police fire teargas anti government video ibtimes t co mfbykkip,0.4057740525958132,0.5942259474041869,1.0
180,if i get sunburnt degrees one morning i idea i'm going survive two weeks august,0.9066154150360141,0.093384584963986,0.0
572,youranonnews everyday i'm apuling the soundtrack t co letepcsmz,0.9124650384664813,0.08753496153351895,0.0
388,cyberrights bbc news ankara clash police t co rare gc qs wake i slick wanna download candy crush play quit cold jus prove yal aint deep lol spotify daniel ek the important man music t co qttvnz p forbesgreatesthits why square matters t co fnt kvpve swimming swimming turkiet marmaris travel lovetravel resa instatravel voyage journey t co c kmnpxpf tear gas streets gazi mahallesi tonight neighborhood t co qb kcfxurs via batmanwi,0.18337372233078433,0.8166262776692157,1.0
1004,prime minister blames opposition t co pngqlmnktg,0.9639739473781007,0.03602605262189915,0.0
941,canbener whats going https t co xasprflfby anonopslegion reuters,0.9506083947501756,0.04939160524982445,0.0
829,latvia v volleyball european championships live stream june t co cpzkizpwm,0.931624572748341,0.06837542725165897,0.0
908,vot tomorrow the world will be watching all across the country vot resistance people great inspiration thousands square t co qe acis hc hi pearljam hear us t co ilaoiyjqgl sos jallen mikaylaniles look peacock me umm that mikayla,0.9466094495649054,0.05339055043509449,0.0
407,rebel in seconds the greatest resistance to the police in the world t co cmpv q x q vimeo policestate the,0.826850867815993,0.17314913218400707,0.0
466,bbcworld tear gas fired square listen journalist tells bbcnewshour very intense scenes t co b,0.6410856855456545,0.3589143144543455,1.0
1292,reacts popes remarks so called armenian genocide the foreign ministry reacted t co j ej pdc,0.9559839093512211,0.044016090648778886,0.0
715,this people pay last respect abdullah cmert killed anti government antakya t co fwdlyn,0.858245507105606,0.1417544928943942,0.0
770,riot police break up peaceful sit in to protect riot police used tea t co omvgxfc le,0.2430262003007019,0.7569737996992979,1.0
365,tolstoythebear sorry say yes c i heart certain places sony took gobbled like large leg,0.9425328541706574,0.057467145829342765,0.0
1028,bowl loaded making legs ima lemon pepper hoes lol,0.9056259813786852,0.09437401862131496,0.0
987,i want aunt go back,0.9358792439362684,0.06412075606373144,0.0
1113,canikligil erdogan destroying himself amazing,0.9597881448356697,0.040211855164330304,0.0
51,rodrikdani stopped reading davutoglu oped all segments society enjoy basic rights rule law t,0.8200283746626101,0.1799716253373899,0.0
40,emilyhaddigan got win lol u win drinks u,0.9331300382212036,0.06686996177879627,0.0
143,youranonnews gov't declares war citizens return terrorist supporters t co rvma,0.9299324957077374,0.07006750429226266,0.0
935,cnni turkeys take musical break t co papzbntqy,0.8983728988430618,0.10162710115693828,0.0
927,peachesnisker gained awesome points tweet,0.903779833945027,0.0962201660549728,0.0
38,zeynep well coming penguins join stencils coming amazing h t enginonder t co qiwmfepko,0.9654654049395979,0.0345345950604021,0.0
476,rodrikdani police forced journalists lots speculation evidence planting tents which pol,0.8226857480928833,0.1773142519071167,0.0
508,some photos via rabble cenes istanbul' t co xjbtrqbqqu,0.9415118009082027,0.058488199091797095,0.0
601,anonymouswwn tweeting terrorism the world demands brutality oppression end now resistanbul,0.9615308386160503,0.03846916138394975,0.0
594,youranonnews government threatens pressurized water that behalf democracy usa amnesty t co ap eboor,0.93591598481951,0.06408401518049006,0.0
1228,green eyes this chemical added water cannons t co qhegurep q trpardus via cr,0.8039921866259067,0.19600781337409356,0.0
850,i dunno eggs bacon,0.9270760462841077,0.07292395371589236,0.0
699,images direngezi t co ljlbuy q y,0.8963156977987039,0.10368430220129637,0.0
1226,techsoc new blog is social media fueled style my analysis t co rpdjunwqms,0.9590090684242699,0.040990931575730055,0.0
803,lilly resident of we lt you https t co spwyy mqsy,0.9307330288218454,0.06926697117815464,0.0
691,benjaminharvey cnn international correspondent ivancnn covering growing cnn turk showing music videos,0.9057324365236495,0.09426756347635024,0.0
249,rogerfederer hey congrats roger you deserved totally give retweet peaceful protestors pls,0.9356878082096529,0.06431219179034732,0.0
11,police crush ankara photos video,0.788274626330466,0.21172537366953406,0.0
507,ml dodecanese is border reg magnitudeml regiondodecanese is border regdate time t co x iaeowdb,0.9288702171939138,0.07112978280608606,0.0
451,intelligencehub timeline events police escalate attacks healthcare workers doctors t co juulvb hoh via,0.5153122700669943,0.48468772993300546,1.0
794,government respect peaceful act aleviate violence we grieve losses injuries occupyturkey,0.8953317083682495,0.10466829163175055,0.0
705,lianamistretta good morning t co odwx unkwv,0.9184987142086279,0.08150128579137206,0.0
522,iman nl help spreading news there is media blackout in occupyturkiye turkishspring t co w z b z,0.860857095917361,0.13914290408263924,0.0
1161,washingtonpoint erdogan we know hotels let terrorists sleep hotels divan hotel hold accounta,0.9828925681687904,0.017107431831209597,0.0
240,jews kurdistan dont kurds deserve solidarity media attention why selective empathy comes,0.9618394421803329,0.038160557819667124,0.0
632,setting tents field direngezi blockupy revolution t co n limhzxui,0.8397605115864359,0.16023948841356409,0.0
393,bbbegypt g s 'to chapul chapul' takes swipe power laughter t co i kd xghka via hdner,0.9309191626413845,0.06908083735861559,0.0
70,soit goes purchased million teargas yrs accumulating tons t co sl lpsfofk t co wd zx enp,0.7515400331107487,0.24845996688925118,0.0
640,michaelhayes a widely circulated photo from the in is actually from a marathon t co pvygy gog t co wsxm,0.8872239875723256,0.11277601242767465,0.0
1218,imagine ppl around table how f would even work is even emotionally possible friends,0.8114290935961533,0.18857090640384674,0.0
1111,the domino effect beautiful t co vcrd mj,0.9288554058690179,0.0711445941309822,0.0
324,news anarchy alt san francisco police swarm gardens prevent re occupation as wit t co mcrpybczzu retweet current,0.8262030641395958,0.17379693586040443,0.0
868,she called report kidnapped,0.9559839093512211,0.044016090648778886,0.0
1170,com photo police deploy water cannon tear gas ankara t co exkldtwuh,0.04691290248594678,0.9530870975140531,1.0
1211,german court says swayed ecb bond buying success t co upbr fovz,0.8685942882798188,0.1314057117201812,0.0
1276,nchuntnfish north carolina hunters set sixth straight record spring season learn more t co x kzf yp,0.9799288457863202,0.020071154213679863,0.0
824,to anyone known the grillmaster i rightfully pass title onto rupert he makes mean burger,0.9522676386312703,0.04773236136872972,0.0
735,reutersworld in least injured police clash t co fpylrsv na t,0.19804610436971176,0.8019538956302884,1.0
1250,that leg fucked though,0.9288554058690179,0.0711445941309822,0.0
152,vot milan solidarity revolt t co czlapwl nc,0.97420963060807,0.02579036939193004,0.0
1027,leg funnel cake onion blossom sound good right now,0.901041506211285,0.09895849378871517,0.0
259,weeks today ill,0.9389118358423899,0.06108816415761013,0.0
1002,headhntr this this abuse state power media censorship democracy t co,0.977989129241939,0.02201087075806107,0.0
291,at height political career erdogan powers put test haaretz t co ghfuz gif,0.9629338603075461,0.037066139692453905,0.0
1246,systematicdecay sesvertrkiyebulkesahipsizdeil this become subject saving trees this,0.9288554058690179,0.0711445941309822,0.0
836,final score italy sottana ress dalgalar tuncluer alben hollingsworth,0.9288554058690179,0.0711445941309822,0.0
444,asyadada tonight ordinary people walks life leader political party shout no b,0.8436534129131784,0.1563465870868218,0.0
236,russellcrowe sad hear violence examine yr actions yr heart mind protestor policeman alike compassion,0.8871821242988652,0.11281787570113501,0.0
363,picture day t co lpeesc f ows,0.6916638357536078,0.3083361642463925,0.0
1282,that what happening now fascism t co rjuyzkhfqo,0.9386989348243191,0.06130106517568097,0.0
846,days till baby motivated get sweat tonight sweatisjustfatcrying,0.939792195825678,0.06020780417432194,0.0
1214,never thought i come find love life ' t co pp dwjevcb,0.9702451276395602,0.02975487236043975,0.0
852,myriamonde claim molotov throwers police lots reports personally trust contrary,0.8247044079578675,0.17529559204213238,0.0
268,aeshakilani amazing i love,0.9768792508428485,0.023120749157151396,0.0
123,proof police violence bbcworld bbcbreaking cnnbrk cnn unesco t co suchdp w q,0.23628715975991063,0.7637128402400896,1.0
22,kiralkkatilahmetahbaz name cop shot killed unarmed protester got released court,0.9429082181047898,0.057091781895210185,0.0
881,newsgunner funeral for a friend this lost abdullah cmert occupyturkey t co y jvmep hu rip t,0.934844834891854,0.0651551651081457,0.0
34,update braces second day unrest parts instambul closed off t co cforug a,0.8681501124610738,0.1318498875389263,0.0
511,proze this beginning bosphorus bridge t co qk eavbwqs,0.9438950141452577,0.056104985854742384,0.0
178,vot martyr abdullahcomert r i p ppl commemorating him t co keh adilmf,0.958185497002375,0.04181450299762489,0.0
557,what happenning t co pro wnkoff via grtvnews,0.9288554058690179,0.0711445941309822,0.0
674,travel planning family group tours spain italy greece t co e stpvzltc enjoy mediterranean,0.9210681019647365,0.07893189803526349,0.0
133,direngaziparki t co y jjrhikb troubling things happening open browser,0.9319205767145438,0.06807942328545612,0.0
113,watching drama unfolding tv crazy,0.8782342334487226,0.12176576655127744,0.0
1291,youranonnews please tell international media want coverage brutal crackdown ankara via sirinduygu,0.9114586232331923,0.08854137676680758,0.0
432,hugh pope sos urgent petition erdogan end the crack down now t co je wilwu,0.9068517562585884,0.09314824374141177,0.0
785,ferzanozpetek in least injured police clash t co ljirokg xs,0.19804610436971176,0.8019538956302884,1.0
82,oscarenestad awake what now oh nothing damn i miss,0.8945742970386925,0.10542570296130757,0.0
913,walmart labs buys data analytics and predictive intelligence startup inkuru t co ooowobaeka leenarao,0.9288554058690179,0.0711445941309822,0.0
486,cetincem and course erdogan boasts economic success term his way saying shut take money oc,0.896045059391214,0.10395494060878571,0.0
1213,globalrevlive breaking news pamukhum bit tear gas police intervenes t co j bvlki os,0.48027559556494015,0.5197244044350599,1.0
644,united since galatasaray fenerbahce besiktas united occupytaksim t co dgigptxkyp,0.8521966437606566,0.14780335623934318,0.0
616,rpt moody says credit risk rise go t co ywwgwudnwj,0.8685942882798188,0.1314057117201812,0.0
1251,occupygeziny we here every age occupygezinewyork occupyturkey humanrights t co b o,0.9419739921250904,0.05802600787490967,0.0
1029,jrockk let somebody eat burger and know dont play food,0.9855274625073329,0.014472537492666904,0.0
169,video clashes t co z kvo vkfg,0.7219228111361015,0.27807718886389865,0.0
373,subnigurath not wearing 'erdogan puppets' hats they tools power drunk game,0.94328260957348,0.05671739042651991,0.0
225,bparlan dont take personal problem erdogan getting applause foreign gov media peoplehere,0.9371030630611802,0.06289693693881983,0.0
833,wildestfacts sheep jumped cliff sheep followed died sheep feel soft pi,0.9288554058690179,0.0711445941309822,0.0
171,erdogan allowing people declare protestors anti religious latest statement,0.9409921648236295,0.05900783517637053,0.0
1052,dzmchangemaker turkcell we received political pressure block communications t co zdhjk mlrd ireport,0.9269707006566035,0.0730292993433962,0.0
449,therealnews prime minister erdogan orders end hours t co u jlcozzw,0.9830581732105055,0.01694182678949446,0.0
654,police attack istanbuls square direngezi gallery nyt t co q oeitjvgr,0.8397351571248779,0.1602648428751219,0.0
1215,telecomix we received message t co k yyrj ll,0.934070625946876,0.06592937405312398,0.0
90,just case do confuse china says akp spokesperson draft bill social media t co aqlkpilmya andrewegardner another pic square standing man direnistanbul duranadam standingman t co,0.7201253097816134,0.27987469021838646,0.0
1304,hey reppeteking i'm calling arrest deportation seems ok attest journalists you traitor,0.9333146475666123,0.06668535243338787,0.0
510,deputy seeks calm anti government ankara reuters deputy prime mi t co rdbxy yz,0.9627102764344727,0.03728972356552716,0.0
101,postvirtual an act collective liberation going right it is every sense revolutionary moment,0.886926199437519,0.11307380056248081,0.0
760,bbcworld bbcnews cnnbrk foxnews the gas use different tear gas time t co s yqthnsfo,0.17297685351282482,0.8270231464871751,1.0
425,wsjemre erdogan says limited alcohol sales prevent people falling victim it curb democracy b,0.9212728783818316,0.07872712161816832,0.0
61,charlespgarcia things need understand charlespgarcia things need understand charlespgarcia things need understand mariwanna burgers good charlespgarcia things need understand slate psst jim beam wild better expensive craft whiskey drinking t co rqtf sephe charlespgarcia things need understand charlespgarcia things need understand upside ya hydro got nice package justinmaller t co go erofjhq i want lasagna hmm save in stop the police violence in the petition site t co b x dz bn,0.05049619060417064,0.9495038093958295,1.0
793,meanwhile revolution televised t co euxoj sm,0.8872277204617929,0.11277227953820729,0.0
804,stratosmoraitis erdogan new flag direngaziparki t co utew hiijf,0.9700721894827851,0.029927810517214992,0.0
457,showed serious spread censorship media during largest country leading tvnetworks became irrelevant,0.9043455894132496,0.09565441058675048,0.0
1302,ukinturkey heavy police presence square british nationals avoid square surrounding area,0.7915716227840088,0.20842837721599108,0.0
109,tahiti scored minute gerrard its going happen,0.901909275365597,0.0980907246344032,0.0
94,markabentley simsek says journalists killed people robbed banks that they jail mon markabentley simsek says erdogan government imposing way life anybody mon via unidadpopular a erdogan said his cops brave look brave are t co ezu j frvs,0.33962898837066074,0.6603710116293393,1.0
970,chatham house expert comment confrontational politics no panacea t co rsrhuyon,0.9176435997002724,0.08235640029972746,0.0
898,ajelive it headed political party national made special t co a np elv a tur,0.9174248291037855,0.08257517089621445,0.0
1245,bumpshowmeetbieber bumpshow angus ol please bump me to justin he my idol and i ca afford it please angus ily,0.9346760681816053,0.0653239318183947,0.0
107,avargasbellido duden waterfalls antalya gt gt gt t co p bx pqff,0.9288554058690179,0.0711445941309822,0.0
0,lawn goose clothes lot outfit pattern sewing uncle sam santa ballerina ebay t co m nvpn yo,0.9288554058690179,0.0711445941309822,0.0
1242,nytimesworld mainstream news outlets initially silent pushing curious twitter t co wmphfxfvw,0.9254257924158488,0.07457420758415127,0.0
851,batmanwi oh although i'm soaked water cannon hurting tear gas i'm glad say camera fine occupyge,0.28218492272448065,0.7178150772755195,1.0
984,anonymouswwn follow ht direngazi direngazimahallesi,0.9288554058690179,0.0711445941309822,0.0
661,live avi t co yvsuulegas u feel humanism terror fear outside,0.931624572748341,0.06837542725165897,0.0
183,this who democracy mb modelling vision on i thank god libyans hate sheer mention mb libya,0.956650763102442,0.043349236897558006,0.0
497,patcondell elected not wherever islam gains influence people become less free no surprise authoritarian erdogan popular,0.8944831853638116,0.10551681463618848,0.0
1061,slaughteram in square where are kurds t co xnzbpydfth via newyorker callysally,0.9244136865686866,0.07558631343131328,0.0
1116,bbcworldservice i nothing idea important tanding man' duranadam new symbol bbcnewsday,0.9446219825188289,0.05537801748117104,0.0
14,skyyfitsheaven police detaining protestors confirmed residents asked open apt doors needing hid,0.8853052367484032,0.11469476325159693,0.0
757,huffpostukpics get creative fight back tear gas amaltheian still using women wearing veils political tool women already started stand him johnnysins i support fans protesting government right now this you 'tayyipi sikeyim ' turke,0.5910689921051453,0.4089310078948547,1.0
767,aysegulaksu police attack peaceful unable person square pa t co mbigjevgdd via youtube occupytu,0.7529352881338238,0.24706471186617615,0.0
1171,hsmoghul wajahatali cut sharply thru fog quick visit i want take world tour t co xbzwmgdx x,0.9389359391825977,0.06106406081740234,0.0
37,muffy vanderbear dressed pilgrim complete thanksgiving t co olzz k bhs bear muffy,0.9288554058690179,0.0711445941309822,0.0
600,russian pres putin supported erdogan handling erdogan i know would definitely return favor erdogan loyal man,0.9582788404340459,0.04172115956595404,0.0
59,occupy put humanity first way class superiority people reduced elite few t co oxzovwufc,0.7393971553907025,0.2606028446092977,0.0
1200,alamet gazi district population blocked highway solidarity https t co ncfxtlnvrp direngazi,0.954751937528797,0.045248062471203096,0.0
1017,ela suleymangil via barisakpolat an invitation passive resistance everyday t co curko xw dura,0.9288554058690179,0.0711445941309822,0.0
756,lool alarabiya eng breakingnews in live speech erdogan blames media social media networks ongoing unrest,0.9272293981415987,0.07277060185840155,0.0
733,the sooner go holiday better outofpreston,0.9355580542490882,0.06444194575091175,0.0
192,imlucywatson had nice time gonna miss t co na evupcuu wow perfect,0.9078697335285333,0.09213026647146665,0.0
535,bumpshowmeetbieber stanbul x,0.9288554058690179,0.0711445941309822,0.0
523,anonymouswwn photo if god gives tear gas make lemonade t co rlahavacz live updates t co vvkxxgxnxp,0.5826574587119874,0.4173425412880125,1.0
566,zeynep standing people increasing t co acvk ihe duranadam if poster like i would tear,0.7375268773325725,0.26247312266742745,0.0
226,legionjj place time t co bp fov hoa via placetaksim,0.9288702171939138,0.07112978280608606,0.0
1071,saw rare birds miliken morning they look like mix goose duck t co bmfjhaqmqc,0.9332221483675915,0.06677785163240858,0.0
416,droz together friends family live pray calm response law enforcement citizens t co,0.9629394392830569,0.03706056071694307,0.0
1280,msnbc as night falls tensions rising taksimsquare stay tuned msnbc latest t co n,0.9682400185863852,0.03175998141361483,0.0
1207,protestors violently attacked hence one killed police t co l n nxzt l,0.8394406347498858,0.16055936525011433,0.0
141,mothers surrounded protect children riot police hugodixon joewsj aaronstein achristiemiller t co qihasowiwn,0.8103941566291476,0.18960584337085254,0.0
724,hdner more urban women join workforce t co cblj aflf,0.9161274762771155,0.08387252372288469,0.0
995,getting st aid mosque erdogan accused drinking t co zvep qvij,0.9510680647347988,0.04893193526520126,0.0
372,emredeliveli dont shoot messenger human rights t co ehikesmq shameful press as i mention t,0.9399725838147636,0.06002741618523641,0.0
1079,erdogan stabilise economy th largest economy world decreased number jobless made truce pkk,0.964047345789356,0.035952654210644114,0.0
328,police attack irregularly ankara parties ngos revolutionary organisations decide camp square,0.7674369826372215,0.23256301736277848,0.0
742,footballfunnys thousands fenerbahce fans marching square wow t co gxkjkqg tg,0.9579479062767695,0.042052093723230446,0.0
1194,thelittleidiot really hope erdogan akp paying attention democracy theocracy di,0.9927357737280854,0.007264226271914616,0.0
590,hulyaelmas oralbeyaz opportunists always surface times revolt would join erdogan camp paid,0.9590412563906393,0.04095874360936068,0.0
562,what happenning t co myeo knihb,0.9288554058690179,0.0711445941309822,0.0
170,meettheturk no stopping now go on with the volence threats bedr baykam mon yesterday i spent hours and hours of cooking winter soups borsh chicken and just plain good vegetable t co oxxuadeb d,0.9924563496344345,0.007543650365565648,0.0
1045,nigerianewsdesk portugal u defender tiago ilori tipped team nigeria make beyond group b fifa u world cup,0.9298985704569198,0.07010142954308016,0.0
565,i close eyes see brighter day i close eyes pray prayforturkey,0.916471150208863,0.08352884979113696,0.0
361,thumb like bernard matthews drummer,0.9424762197387663,0.05752378026123369,0.0
933,turkeys military returns fire shots fired syria t co iunypmundk via washingtonpost,0.956807767005303,0.04319223299469698,0.0
186,peterson scott justinpkenny newshour judywoodruff reports talks csmonitor peterson scott son,0.934329194678632,0.065670805321368,0.0
167,fiverings one t co osvfbg qkp,0.9288554058690179,0.0711445941309822,0.0
910,incredibly proud friends today standing believe what right,0.8291347562742069,0.17086524372579312,0.0
1221,antderosa occupygezis crowd funded nyt ad muratny we on congratulations everyone direngezi t co fnssxmyxhs,0.9015859737915025,0.09841402620849758,0.0
28,paulocoelho shame us tear gas used demonstrators made brasil iavelar t co g gee lnen,0.3468362220518477,0.6531637779481522,1.0
693,richardhorton ts wrong mr horton next week learn truth,0.939098422999847,0.06090157700015294,0.0
469,nato unesco unicef eu commission please help us spread message stop violation human rights,0.9292088806384836,0.07079111936151657,0.0
454,anniesenol erdogan allow access medical treatment people need streets detention aforgutu direngezi,0.8830899982531737,0.11691000174682634,0.0
314,lob sww this old man lost ear police allow ambulance move t co yngyoq cll,0.6180805785680277,0.38191942143197233,1.0
1138,taksimdayanisma police attack istanbuls square nytimes t co zfc hy g occupytaksim,0.8897489087164473,0.11025109128355276,0.0
579,mehdirhasan misleading headline bit like bbcnews coverage erdogan still popular beyond,0.9721135791684987,0.027886420831501234,0.0
782,for want understand happening right t co ikjll wqfr via un,0.9496407751954199,0.05035922480458017,0.0
323,liiroonna ronna mz salammmm maherzain while plane forget idea retweet least one tweet per day,0.8871427240890687,0.11285727591093161,0.0
369,cards laid arthur van steen t co e acomvev,0.9288554058690179,0.0711445941309822,0.0
635,etemelkuran akyolinenglish this spring already democracy but needs liberal participatory,0.9764439855753234,0.023556014424676516,0.0
364,tarekfatah guess contract develop jezebel brutally tear gassed woman red symbol occupy t co bbzvb udc,0.918276537564798,0.08172346243520195,0.0
108,think i ate entire n thanksgiving yet,0.8711518234085448,0.12884817659145523,0.0
1300,ca say av ever happier month away summer abouttime,0.9347379095861131,0.06526209041388703,0.0
860,marvabbey loooooool omg microwave could fit trimmings they timbs they rockport,0.9288554058690179,0.0711445941309822,0.0
445,farmersonfilm uguraktas bbcbreaking bbcnews ivancnn banubingolakin miss t co gb sz xqkf bitofstone try,0.9744860337175959,0.025513966282404137,0.0
1294,mileycyrus we ca stop,0.9405927869564115,0.059407213043588494,0.0
76,gabe fuckyou i'm sandwich,0.9176435997002724,0.08235640029972746,0.0
455,culturedesk orhan pamuk a square cradle memories millions t co snflsvb,0.9244136865686866,0.07558631343131328,0.0
779,eu seeks look beyond t co ebdriyw kb,0.8913967968097443,0.1086032031902557,0.0
55,mhairiedavidson get arse back i miss already we whatsapp'ing t co z ncmkftb,0.9288554058690179,0.0711445941309822,0.0
1094,achristiemiller i speaking bbc radio live beiktas uk time here top st,0.868290352302711,0.13170964769728893,0.0
812,enisdurak police taking sd cards protestor cameras t co sml xo hbk,0.8123164519050716,0.1876835480949285,0.0
975,this longer story tree politics cause t co zwyhatjufm,0.9621276291670661,0.03787237083293398,0.0
648,timeturkiye thousands dig weekend demonstrations square t co sonaiqogmd,0.9376288558650812,0.06237114413491889,0.0
1031,ivancnn gas seems dispersed now sad scary see parents panicking children running,0.9319774109883171,0.06802258901168286,0.0
799,haloefekti gov breaks geneva convention t co tgdixtc i https t co tg tmoiv,0.8900412384537507,0.10995876154624934,0.0
119,mariadavou alone direngaziparki t co ygfk n ga,0.9288554058690179,0.0711445941309822,0.0
1257,a scene bashar syria government recruits hundreds welcome erdogan north africa islamic safari t co nt ejap pa,0.9820899979790101,0.01791000202098994,0.0
1093,i go this single best leader ever ataturk marklowen ataturk tattoos t co ylhfwstuxz v thewarnerd,0.9317675033922231,0.06823249660777696,0.0
351,youranonlive erdogan i seek permission hoodlums implement plans t co t,0.9187890417473682,0.08121095825263155,0.0
585,joostlagendijk good read erdoan shot foot t co kz dq fzan via todayszamancom,0.9622358533223657,0.03776414667763432,0.0
1198,via sulomeanderson another photo female protester sprayed police t co yj iz nez,0.7228395882602222,0.277160411739778,0.0
672,dozens injured tear gas fired opposing revamp square t co azfwi dnvl,0.09308497371633574,0.9069150262836643,1.0
1261,zeynep reports gas sprayed gathering istiklal at rate needs gas forecast added weathe,0.6164271195020895,0.38357288049791055,1.0
547,bbcworld more people arrested two days anti government say police t co oufkrviysv,0.5,0.5,1.0
697,riot police move into square t co yny gtulm,0.7381889158269064,0.2618110841730937,0.0
586,cnni its said police burning trees origin cause resistance reuters bbcworld,0.8899810619214775,0.11001893807852264,0.0
1091,other slogans a rebuke vision t co zxusnbhkrj a c a b resign tayyip resign government,0.922861731705137,0.077138268294863,0.0
721,youranonnews live tear gas affected children inside divan hotel t co gmv evfqe via rqskye mehmetbinay,0.43955918363905505,0.560440816360945,1.0
1168,supersport tonight fifa u world cup vs el salvador ss ssfootball,0.955947353585591,0.044052646414408925,0.0
619,ajelive dress protect teargas photos live blog t co nxzcwmqxt,0.7906388222544313,0.20936117774556884,0.0
318,jackhart the police fight crime they protect rich poor today examp,0.728190458712535,0.27180954128746515,0.0
91,tuesday th soup day cream broccoli beef orzo roast stuffing mashed potatoes and t co luyrsimu,0.931565008353729,0.06843499164627094,0.0
9,dowjones yeliz investors baffled moneybeat wsj t co x o jnsjp via wsj kerim karakaya,0.7349313978431034,0.26506860215689676,0.0
780,duck https t co t yutoqbfc,0.9307330288218454,0.06926697117815464,0.0
993,james corbett yids go background bid final s f and separate group bid think favourites,0.8434326009341764,0.15656739906582365,0.0
200,u aint gettin paid u tha way nigga bo come bags thanksgiving eastsidepeezy,0.8770994285134454,0.12290057148655464,0.0
102,dubainameshame woman red image girl sprayed tear gas police becomes symbol violent,0.09866678326207688,0.901333216737923,1.0
284,police brutality t co jwkqqac m,0.8123164519050716,0.1876835480949285,0.0
1190,ioerror i suggest people follow example regular people making strong stand auth,0.8195990608080842,0.18040093919191597,0.0
610,governor says police would target sit square t co qo ppmtubo,0.6689299333932527,0.33107006660674715,1.0
621,now time yns akp,0.9288702171939138,0.07112978280608606,0.0
980,fiercest anti gov't riots years erupt t co dmbpocvdxv,0.8139051225498071,0.1860948774501932,0.0
239,kmyildiz thomas l friedman erdogan abuses power quickly loses dropping rachel coldwell jackbeckett gatwick swan whilst i'm left driving home rain gutted check marinated steak tips chicken beef tenderloin dom meats perfect grilling t co suc ncaxz,0.94328260957348,0.05671739042651991,0.0
845,papajonas jonasbrothers cant see it pls make it avaible we wanna see this too,0.9271322682850309,0.07286773171496892,0.0
1217,efjournal overwhelm police march weilding polis shields one painted w anarchy symbol t co ofyqo v x o,0.8123164519050716,0.1876835480949285,0.0
939,david rodriguez shows butterball new artisan seasoned breast iddba butterball jimdudlicek t co p jvuulve,0.960291209613739,0.03970879038626099,0.0
890,juliaccarpenter wow oh wow mt jcstearns this gif woman red dress even powerful still htt,0.8080941912167047,0.1919058087832955,0.0
419,harvardbiz in hyper connected world never cold public t co abty wuazj wearegezi,0.9581735221153735,0.04182647788462646,0.0
443,provocateurs burning public vehicles t co qh cu kj,0.9476510587308067,0.052348941269193296,0.0
368,ikoker first lawyers doctors journalists police detain four journalists,0.8284142178803507,0.17158578211964934,0.0
777,atar cia special operations troops trained rebels anti tank antiaircraft weaponry jordan,0.9097884954814567,0.0902115045185433,0.0
702,icymi trying quell police uses belgian fn less lethal launchers t co dcvillfwhl,0.659163165432287,0.34083683456771297,1.0
1260,javierpascual great pic via nadiussky lovelymessy t co ygrftqq np,0.8635844675915685,0.13641553240843152,0.0
726,dren,0.9288554058690179,0.0711445941309822,0.0
1133,unidadpopular a watch live here governor answering questions asked t co i y gnpn direngezipa,0.9537003432889782,0.046299656711021736,0.0
989,scrataliano noam chomsky call world resistance t co jquxg lpix,0.9350861441393189,0.06491385586068135,0.0
1036,only america donut day day bbq ribs day every holidays haha happy national donut day,0.8649444836748189,0.13505551632518098,0.0
1143,scottmowry kiss my star wrong taco boy plan said oz brown rice decided make tacos meal tacoboy,0.95567510236834,0.04432489763166002,0.0
1265,cagilbay prime minister threatening us gallows t co ufhoeej n bbcworld cnn reuters,0.9772534888212311,0.02274651117876889,0.0
717,just little bit going getthefacts occupyistanbul imgur com gallery uejkde,0.814467640803135,0.185532359196865,0.0
936,nycjim aftermath more powerful images unrest via reuters photographers t co e j cvyk t co ae shody,0.9487000852232341,0.05129991477676591,0.0
248,zaidbenjamin we learning soap operas learning spring t co a o djdm,0.9783120384885309,0.021687961511469005,0.0
531,amnesty internationals issuing international call activists take action police violence aforgutu,0.47321192979314824,0.5267880702068516,1.0
667,imported tons tear gas million pepper spray years mainly us brazil t co o h u rqap,0.6632407919516852,0.3367592080483148,1.0
1022,ioerror do trust rim blackberry security bbim completely insecure use otr secure chat t co r so,0.7990720560717454,0.20092794392825464,0.0
1141,rihanna rolled show yacht imjustdifferent diamondsworldtour jennnrosales t co qiaejgh s,0.9288554058690179,0.0711445941309822,0.0
849,takethesquare calling cities world come june reclaim public spaces show solidarity,0.9616996441236186,0.03830035587638137,0.0
104,brucehaack t co pmyzrrmtpr documentary screening,0.9288554058690179,0.0711445941309822,0.0
344,louisabojesen eu agrees revive eu membership talks delays start new round negotiations least four mont,0.9636613630966163,0.03633863690338362,0.0
1243,benjaminharvey reports people soldiers giving masks attacked tear gas police,0.1397744448205481,0.860225555179452,1.0
1139,cetincem now gone sour a year old killed police bullet antakya second confirmed death t,0.753511254272558,0.24648874572744206,0.0
687,mirkoschaefer media savvy crowdfunding statement ad space nyt what happening t co v,0.9458432415838477,0.05415675841615228,0.0
609,michelle no words v caloripher please see occupytaksim t co cgl qtv mw,0.8945737271332509,0.10542627286674895,0.0
1023,luxe shangri la bosphorus opens the shangri la bosphorus last opened bringing l t co wpaleppcvu,0.9288554058690179,0.0711445941309822,0.0
350,katina ki solidarity yuri catfuck police t co ludvgafd,0.8758063061519483,0.1241936938480518,0.0
968,lrjogia i want go nice meet u,0.9564850237361232,0.043514976263876765,0.0
658,it possible get something decent hardees burger chicken tenders side salad cals,0.9381204633680065,0.06187953663199342,0.0
78,tmorello call world press needs int support police terror chemical war t co rtsxwns w,0.6487032653547191,0.3512967346452807,1.0
494,chicago stands about marching past hour show solidarity t co lmsb qilzr,0.9534560267461692,0.04654397325383076,0.0
618,capital city rocked police crackdown solidarity t co pii dvf h via hdner,0.8590074959608154,0.14099250403918462,0.0
134,franklamparduk reports mikel agreed join galatasaray gutted true,0.9531796316190403,0.0468203683809598,0.0
504,colettebrowne the woman red sprayed tear gas iconic photo academic ceyda sungur t co cf,0.6285134503644594,0.37148654963554056,1.0
404,justseeds mass destruction city last public green space met intense t co,0.9372256074878097,0.06277439251219023,0.0
1030,right now t co molwbenumq,0.9176123047347102,0.0823876952652897,0.0
367,more important gezipark akp retaining power economy also impact kurdish swing votes e se,0.9335879526373989,0.06641204736260099,0.0
615,sparring imthealpha fe male bowtome t co djii lvbg,0.9288554058690179,0.0711445941309822,0.0
801,massive crowd sq right now live stream t co xclnowxujc occupyistanbul,0.9297480226307832,0.07025197736921694,0.0
95,bbc news pack square police withdraw t co in smjuqkn,0.7262618966031972,0.273738103396803,0.0
811,madianou good analysis context t co mq oydgihm t co smerldlchg,0.9143348530577364,0.08566514694226351,0.0
439,djakartague stanbul rioting movie over played movie ko dogan dous cnn bbc reuters big bye,0.9444530662060792,0.05554693379392079,0.0
583,hoont police used jammers block online communication square reports skynews t co ybgytsln m occupy,0.7085998484516082,0.29140015154839166,0.0
120,have ever needed medical treatment what think it,0.8711518234085448,0.12884817659145523,0.0
447,nycjim new photos water cannon hold sq tuesday evening t co gomxh be p t co p dga,0.9272355697146726,0.07276443028532759,0.0
1058,seanpaulkelley people back streets ankara tonight police attacking buketuzuner t co adqxqqp x,0.5217242944278163,0.4782757055721837,1.0
559,yasin bbc reporter i never saw much teargas thrown anytime life,0.5999085492004113,0.40009145079958874,1.0
806,shasanoglu akp kicks people home runaway development projects profit akp cronies how freedom,0.717452006870088,0.28254799312991197,0.0
332,erdogan pledges tolerance amid police crackdown t co boq ilycoo,0.8282283013043158,0.17177169869568404,0.0
949,nytimesworld hours clashes court ruled favor petition local advocacy group,0.9033143814349823,0.09668561856501759,0.0
405,alionen well not akp area executor said that selingirit,0.9288554058690179,0.0711445941309822,0.0
87,harun tekin duranadam mon pjenningsuni duranadam taking stand citizens wearegezi turkeynotalone mon marietjeschaake duranadam like reverse flashmob powerful silent,0.9946190977563858,0.0053809022436141305,0.0
32,moniquejaques whoever thought piano concert genius tensions diffused back usual t co d,0.9570234763114709,0.04297652368852908,0.0
1289,want justice get sooner later t co lccsnqzncv,0.9358792439362684,0.06412075606373144,0.0
338,pricklypearldn shocking scenes brutality police proud people standing tyranny,0.5227895848951857,0.4772104151048142,1.0
930,give freedom,0.8580326426137429,0.14196735738625693,0.0
740,aufildubosphore lu sur un mur un graphe tayyip chemical brothers,0.917875065582954,0.08212493441704598,0.0
62,the whole world watching peoples resist government watch out people learn resist t co zksffyrbbt,0.910463162063082,0.08953683793691809,0.0
643,jongomm the people fighting freedom read report solobasssteve friend sq t,0.8267990533918358,0.173200946608164,0.0
1142,marietjeschaake for non dutch cartoonist ruben oppenheimer made erdogan twitter t co irqc vv,0.937644366757349,0.06235563324265107,0.0
79,vot social networking websites blocked please spread revolution turkishspring t co aast b qvu,0.8638278354079669,0.13617216459203302,0.0
1121,qwertzlcoatl erdoan says people protesting bunch militants far truth saatiindeistifaet,0.806098756866546,0.19390124313345394,0.0
1232,bbc cnn reutersthis chemical war violence t co bna xje p opturkey,0.6114624513685566,0.38853754863144346,1.0
613,pdacosta protester dresses police stealing helmet shield baton security forces by umit bektas t,0.7580820673625271,0.24191793263747263,0.0
1140,ivancnn big party music fireworks demonstrators building barricades but cops firing gas besiktas watch live t,0.8276129879339129,0.1723870120660871,0.0
114,far home sydney maiden tower bosphorous t co s gh hmhvs,0.9445691604896671,0.05543083951033284,0.0
220,opempowerhumans this necessary central banks root all single issues german riot,0.9389257544565905,0.06107424554340932,0.0
261,not everyone secularists t co ekjcsuuy l liveleak,0.9288554058690179,0.0711445941309822,0.0
472,hannes swoboda arincs apology use tear gas small step forward steps follow,0.36683615701770217,0.6331638429822978,1.0
1085,cnn turk,0.9234485235186716,0.07655147648132846,0.0
532,burcubaykurt bananakarenina washingtonpoint turkeypulse live tweeting erdogan address now he holding back occup,0.9827853182284044,0.017214681771595627,0.0
501,just seen monster drewdd,0.9288555860952044,0.07114441390479585,0.0
155,jaredleto to friends we not cancel show the event organizers canceled show want know we,0.9027542614629184,0.09724573853708152,0.0
471,pjgallantry kids old gassed infirmaries attacked doctors held responsible every moment,0.7848141539256402,0.21518584607435967,0.0
1212,googlefacts yes real black rose halfeti t co jg ck hkl,0.938063482095903,0.061936517904097155,0.0
1154,dtn 'occupy taksim' take akp government the 'occupy taksim' iconic stikl t co rnftv jvh,0.9382568459138654,0.06174315408613446,0.0
944,the voices heard binnaz saktanber t co q frwiwyjt via guardian press occupyturkey,0.9500572108062773,0.049942789193722754,0.0
716,myriamonde t co x ozrid kc,0.9380877293333045,0.06191227066669539,0.0
1222,dehramcguire pretty sure t co ei av ehws,0.8975089049960334,0.10249109500396664,0.0
375,the property daily out t co o xog jmoz,0.9288554058690179,0.0711445941309822,0.0
592,manutd po good luck five young mufc players involved fifa u world cup the tournament starts today,0.9017245061845928,0.09827549381540732,0.0
627,myriamonde taken friend tunel yesterday thank god theboy noticed barely time startedrunning police missed,0.8001208085601426,0.1998791914398573,0.0
972,citizenradio citizenradio arrested moralmonday unions join all male panel rape military,0.9056075614771153,0.09439243852288474,0.0
371,karinilayda all international news channels showing riots,0.9156366421090706,0.08436335789092946,0.0
173,duyguderun cnn international europe new hitler direngezi direngeziseninleyiz,0.9392010780059352,0.06079892199406483,0.0
1288,skynewsfeed world police fire tear gas at anti government continue across wi t co aik p,0.6595321059280616,0.3404678940719385,1.0
894,only statesman solve turkeys kurdish issue t co rmekehcdtn english kurdistantribune kurd,0.8970333411813658,0.10296665881863416,0.0
1189,elchinyenisey today erdogan smashed strength folks genelgrevedavet t co vtwnf,0.9537800241873163,0.046219975812683715,0.0
86,go brasil love suyorumcusu arthur slopes adriana hj changeturkey changebrazil t co sc l izlqv,0.9672395464456193,0.032760453554380696,0.0
389,square unbelievable right now a piano thousands listening game thrones,0.9788225165624268,0.021177483437573162,0.0
450,local islamic scholar says faiths beliefs welcomed t co y xwwqsasu,0.8685942882798188,0.1314057117201812,0.0
194,germany italy commit lead nation role afghanistan commit assisting kabul says hagel t co scc t v,0.8685942882798188,0.1314057117201812,0.0
427,tomasujfa i disappointed events happened my heart people,0.6796127587618814,0.3203872412381186,1.0
356,edo fashion shop also said people need place stay shop open tokyo,0.785741504263414,0.214258495736586,0.0
1018,antirte police push into square near t co s lazgumtd,0.6598621811015738,0.34013781889842626,1.0
231,first time attempting parsley pesto pene came perfect ok wings perfect t co opcpgephu,0.9288702171939138,0.07112978280608606,0.0
822,anubidal pls akinunver police blocking road ethem funeral tell good reason t,0.7458451118033741,0.2541548881966259,0.0
746,well done erdogan power gone head brought folks breaking point t co zsdldrkqqx,0.9513365051345095,0.04866349486549058,0.0
499,sainsbury`s sampling ambassador coventry area coventry retail t co vhfpuojnfh jobs at cosine,0.9288554058690179,0.0711445941309822,0.0
1074,tameryazar time talk anon central hannes swoboda lrozen martinschulz barackobama hrw amnesty t,0.9132879564942566,0.0867120435057435,0.0
481,jalenz situation front divan hotel calmed relatively still not enough medics police closed streets stopped shooting,0.9389854980651272,0.06101450193487269,0.0
1311,man dies t co v sjzvg d,0.9029150456644897,0.09708495433551056,0.0
1297,the carries wounded policeman ankara jokullmagic gkhnbykl t co zkh uh vf,0.9177892280883616,0.08221077191163864,0.0
1178,neeliekroeseu my blog situation t co izopfsxrtr mediafreedom,0.9563985758889508,0.043601424111049045,0.0
515,interesting though verified desillusionism site reporting several places t co qumvukmj o,0.9288554058690179,0.0711445941309822,0.0
556,the activists cleaning garbage right now t co mq ka ttgp,0.9207228942309827,0.07927710576901735,0.0
378,tomyardiansyah an unseen day twitter people tweeting qs government everything hurt public consciousness,0.9315159620120191,0.06848403798798111,0.0
1120,aylinaslim please jack twitter remove tweet limits we need twitter spread information,0.6834383587744927,0.3165616412255074,1.0
99,sevmliseln some terrorist anarchist groups wants killany people but thanks god police provokasyonagelmyoruz,0.7845393487405897,0.21546065125941063,0.0
260,canadian journalists detained people daily online t co lrthchceri,0.8546522335438351,0.14534776645616493,0.0
1231,zeynep erdim after heavy clashes ankara last night today slogan resist ankara stanbul you t co,0.8790938675426542,0.1209061324573459,0.0
121,djvjgrrl change world one tweet time support tweeting hashtag wearegezi,0.9897798642803094,0.010220135719690642,0.0
161,and police clash over t co wq rtnm f,0.5511781087154541,0.44882189128454564,1.0
273,a dangerous black bloc fighted police t co pryidoliot,0.8123164519050716,0.1876835480949285,0.0
1238,,0.9288554058690179,0.0711445941309822,0.0
1313,great photo riot police fire tear gas clashes protestors kilicbil t co y fwb t afp,0.055543118629383284,0.9444568813706168,1.0
546,but i believe music way people believe fairy tales direngezi,0.6424002407877132,0.35759975921228676,1.0
710,etemelkuran my birgn article english resistance thanks free news world t co k ssd actr juspar art design t co rc fisein a bit art school relevance there wsa koraycaliskan erdogan wounded felled reuters dazedmagazine as riots continue cause uproar trafalgar square hosts version t co ckpiphcl m,0.9894669476073303,0.010533052392669624,0.0
1281,geranon dictator erdogan blames twitter unrest t co dfpaf seeu what coward wearegezi occupyturkey,0.9490474643659201,0.05095253563407994,0.0
316,would anything go back egyptturkey,0.9288554058690179,0.0711445941309822,0.0
1035,iamnotmrhickish our first day any handy tips fellow lonely planeters lp firstdayproblems,0.916151797860607,0.08384820213939304,0.0
304,com battle teargas clashes amid tree uprooting project photo gallery t co dyesf wjjc,0.17058200435004364,0.8294179956499561,1.0
876,dba how one man piano helping quell violence square t co f xjay ezg,0.7533618328307663,0.24663816716923373,0.0
206,mdbergfeld s arrested ankara protestors locked basketball stadium people plan march release occupy,0.8593755187085552,0.14062448129144486,0.0
685,the shit y'all moms buy y'all keep fridge fucking bacon y'all niggas crazy worst idea ever,0.9386721420220946,0.06132785797790555,0.0
859,selimsabah attack police untoldcarlisle people gazi neighborhood predominantly alevite starting marching towards t co gz hivizq occu,0.7676518131710862,0.2323481868289137,0.0
888,peaceful over turns violent police crack down t co njpeax x o,0.39887316302238074,0.6011268369776194,1.0
567,manolo loop breaking prove chemicals added water cannons t co qv nsg xm product called jenix t co mjpe,0.8798061288925625,0.12019387110743766,0.0
379,ozbilgin over people meeting london hyde police brutality everyone welcome https t co vweuaioojp,0.6493627338229925,0.35063726617700736,1.0
495,about make bacon yesss,0.9362767304108119,0.06372326958918825,0.0
924,hey whatsoever cold baby i using lozenges day binned stronger nicotine normal smokes,0.906354744924747,0.09364525507525302,0.0
1210,time as turkeys continue attention falls failures nations media t co vc n lo via timeworld,0.9794577958369445,0.02054220416305541,0.0
545,o altiparmak new akp logo artist ali cabbar residing belgium reaction police brutality police t c,0.7331483735395686,0.2668516264604313,0.0
265,stanbul no foggy june it tear gas t co aae gdhp m,0.6552297670192871,0.34477023298071297,1.0
93,kurtiztuncel hello world support us sending messages photos hold banners let us fill world occupy,0.9925895459273433,0.007410454072656655,0.0
784,bbcworld erdogan losing patience t co rrdh euznk,0.94328260957348,0.05671739042651991,0.0
891,bananakarenina i wrote tnynewsdesk almost killed me respect real reporters there t,0.9468233974415479,0.05317660255845207,0.0
48,smh i seen,0.9288554058690179,0.0711445941309822,0.0
637,crancepants hey move chicken wings,0.9288554058690179,0.0711445941309822,0.0
624,huffingtonpost the epic photos so far t co igs gm lfg,0.9567845902549547,0.04321540974504522,0.0
188,der spiegel a country divided where is headed t co hhivlkl at,0.943086643430796,0.056913356569204,0.0
1072,busranurkoc left make news murder syria cnnmoveyourdirtyhandsfromturkey,0.9698533730574467,0.030146626942553247,0.0
639,news yahoo erdogan returns face ankara ap prime minister wa t co uvr lyevvn,0.9645468407173489,0.03545315928265115,0.0
979,are unable press makes us live broadcast rize cnnbrk bbcbreaking reuters foxnews,0.9331248189537769,0.0668751810462229,0.0
558,guinea fowl cannymccoy chicken easmontrickz any wings cannymccoy u wan cont t co ov lrqsmyh,0.9288554058690179,0.0711445941309822,0.0
581,the cia preparing deliver arms syrian rebels via recently expanded clandestine bases jordan t co elisjoyngf,0.9288554058690179,0.0711445941309822,0.0
1048,feardept hooray the turks firing american made tear gas t co msz pivca v acarvin techsoc ik,0.44272855327544014,0.5572714467245597,1.0
468,erdogan deluxe box delights vot chapullin t co ky mupiodu,0.9684750752642677,0.031524924735732415,0.0
1095,erdemkoc some footage one greenpeace ping acarvin https t co mbwmgvwdma,0.9307330288218454,0.06926697117815464,0.0
708,daily information october ataturk ankara german t co hlri jpbrl,0.9177892280883616,0.08221077191163864,0.0
331,prodnose i ca bear cold closed season thing even stoke v west brom tv i would eat fork,0.8876957204074074,0.11230427959259266,0.0
282,nycjim standing woman photo marko djurica via reuters duranadam t co gyjfnyx t co jyr k nhxu,0.9210929314137163,0.07890706858628335,0.0
1040,gulnur sahin isingormuselle suhaderbent peta animals dying police brutality wanted proctect trees,0.7462286243248223,0.2537713756751777,0.0
874,many thousands march autocracy t co zv lg rh,0.9701565425630437,0.02984345743695626,0.0
357,on one hand fascist government on atatrks sons rebellion cnn euronews bbcworld usweekly,0.9281232662346951,0.0718767337653051,0.0
866,turkmen front calls peacefully deal demonstrators t co fhbsmn nnl t co n igu ffor,0.893556056392136,0.10644394360786404,0.0
146,all cops are bastards,0.9288554058690179,0.0711445941309822,0.0
354,so much look forwards next months maga granddad th uni happy,0.9072047734786678,0.09279522652133236,0.0
1303,jburcu cnninternational police teargasing women children cnn bbcworld libya algeria egyptair un ap,0.706609960318243,0.2933900396817571,0.0
631,xfityogi always push yeah seriously im tired oats ground chicken stuff if i burger burrito soon ill die,0.921694251758872,0.0783057482411279,0.0
962,batmanwi right square wearegezi t co lwxamvo ym,0.9426404813060631,0.057359518693936906,0.0
834,the police trying coax people leaving hilton telling taken custody,0.4514432914557077,0.5485567085442923,1.0
35,white,0.9288554058690179,0.0711445941309822,0.0
274,cnn ivancnn direnrize starting,0.9633682447681109,0.0366317552318891,0.0
1202,via oppinkpower current live streams occupytaksim t co u fu q sr,0.8985314841657782,0.10146851583422171,0.0
1032,istanbullgbt from anonymous greece share important how connect internet government shut htt,0.9185381018688711,0.08146189813112892,0.0
807,untoldcarlisle defending police attacks t co xtxnuouard,0.7390555003364021,0.2609444996635979,0.0
370,rihannadaily rihanna t co cojmy ffmm,0.9288554058690179,0.0711445941309822,0.0
1255,photo occupygezipics angry birds mock up t co psoleznee,0.8872239875723256,0.11277601242767465,0.0
854,lukesteeth i rather living shit going england rains time,0.8370119418789358,0.16298805812106412,0.0
1258,charlizeafrica charlize plse tweet prayforturkey we need pray,0.8576093473290917,0.14239065267090834,0.0
847,saulocorona the police inside theyre gassing people destroying camp amanpour stopgeziattack,0.5,0.5,1.0
1196,achristiemiller the walking crowd stretches right definitely several thousand istiklal no open police presence ist,0.7954752713222587,0.20452472867774127,0.0
938,today myrtle beach sc doctrine of ethos bandito t co wahzoeard,0.9389118358423899,0.06108816415761013,0.0
1062,minikstar friends morocco tunisia algeria erdogan visiting countries week please organise welcome,0.9160876635670053,0.08391233643299463,0.0
819,enter crucial phase t co q ruwevhkk,0.949509482692429,0.05049051730757105,0.0
1157,sarponline thousands marched crossed bosphorus bridge foot morning t co lfjmedwiqr,0.978955492517525,0.021044507482474915,0.0
884,mall project was last straw restiv t co jjzsqybz s be safe selinekincioglu,0.9508953357346893,0.04910466426531073,0.0
381,sabinefreizer having spent afternoon around police behavior worse anything i ever saw baku tiflis past yrs sad,0.8476783439907658,0.1523216560092342,0.0
414,huber peaceful demonstrations legitimate way express views democratic society eu commissioner stefanfuleeu ist,0.43014434717437544,0.5698556528256247,1.0
484,rosa luxemburg fight resist stand direngezi,0.8491945680224225,0.1508054319775773,0.0
27,status update hours ago many reporters eu ministers others commenting situation in t co kasar sqe,0.9880738326940565,0.011926167305943492,0.0
1166,scenes andbrazil boing boing t co ukifkhumhq,0.9288554058690179,0.0711445941309822,0.0
1123,week till cant wait,0.9332667252173474,0.06673327478265256,0.0
1298,etemelkuran etemelkuran burning going tour tunisia algeria bravo,0.9300025350372078,0.0699974649627924,0.0
1314,independent latest silent tanding man' inspires t co phpkviacsw,0.9391264364025597,0.060873563597440346,0.0
817,mehmetbinay a little girl dad seeking refuge patisserie square obasturk t co ltxujcpdu direngezipar,0.9244136865686866,0.07558631343131328,0.0
1102,tc alibaba police terror version t co fyynev xe must allowed host olympic games olym,0.8123164519050716,0.1876835480949285,0.0
385,bbcbreaking photo tear gas water cannon continue deployed police square t co s m hljxe t,0.22679235254961821,0.7732076474503818,1.0
754,bbcworldservice bbcworld cant stop rise baybe,0.9379539851993147,0.06204601480068537,0.0
855,riot police clash with in t co lg holpfbf,0.460666879617843,0.5393331203821571,1.0
142,aenguscollins recep tayyip erdogan never misses opportunity miss opportunity,0.9370088135980172,0.06299118640198263,0.0
769,tiffy bvb photoset forest dreams needs support always media try hide truth t co zmtfnmmiu,0.8765058764492056,0.1234941235507943,0.0
125,some friends would go show wise decision though,0.884495925405701,0.11550407459429886,0.0
52,randy david explains today nutshell t co a cbvmjj z inquirerdotnet,0.9389118358423899,0.06108816415761013,0.0
1101,this neither hollywood bollywood this made police turkishspring gezipark t co a jhc n q,0.8124370122847077,0.18756298771529228,0.0
360,bumpshowmeetbieber for god sakes eleven,0.9288554058690179,0.0711445941309822,0.0
798,washingtonpoint erdogan says matter much alcohol consume one glass week more if drink alcoh,0.937202854694535,0.06279714530546503,0.0
233,twitter condemned media criticized ignoring police brutality news t co xgjjsuk y,0.8237330190605244,0.17626698093947546,0.0
4,photoset forest dreams needs support always media try hide truth huffingtonpost t co h wqxpjja,0.8765058764492056,0.1234941235507943,0.0
221,a western breakfast bagel bruegger sausage cheese green peppers roasted red peppers red onions t co hyl kvzcy,0.965282723385476,0.03471727661452406,0.0
47,bumpshowmeetbieber stanbul x,0.9288554058690179,0.0711445941309822,0.0
7,anafoulla moroccans protesting erdogan visit it says no criminal visit country t co yyit js,0.9210571401716866,0.07894285982831369,0.0
1283,we here where cnnturk direntaksim t co fsylipzk,0.9288554058690179,0.0711445941309822,0.0
1076,lukeharding good column fromtga even erdogan stays power international reputation never recover,0.9372436171558498,0.0627563828441503,0.0
835,bihteruykan utnereader throughout mapped based compilation news reports t co pbu fsl w via visually,0.9307064546122621,0.06929354538773809,0.0
948,hollywood thinks dwight howard wants make star t co dcfb vncsy,0.9378466415092568,0.062153358490743216,0.0
312,america rode revolution talk sheep followed through now country love ruins well done,0.9455915436468472,0.05440845635315283,0.0
17,hevallo welcome revolution ntv t co d aimfegvk occupyturkey revolution,0.9041839601101223,0.09581603988987762,0.0
160,youranonnews this is democracy in t co yt zp y f,0.9459548299318318,0.054045170068168266,0.0
480,the public discussion crowd kugulu seems decided march court support detained arrested,0.9308087208874366,0.06919127911256351,0.0
692,nevintorun sound silence square t co umkthxc y,0.9244136865686866,0.07558631343131328,0.0
44,youranonnews spartacus arrived gezipark t co bc xncyth via mavicorapli,0.8459049032268879,0.15409509677311195,0.0
129,cams de solidarity ist t co utmyqcpelp watch spread,0.9387353046964749,0.06126469530352516,0.0
978,sakaerka attacking citizens peacefully demonstrate one provocateur occupyturkey,0.9321916887036124,0.06780831129638772,0.0
1086,cnbc stock exchange lira fell sharply today enter fourth day t co kujs kno,0.951034925871604,0.0489650741283961,0.0
124,video police brutally disperse demolition,0.7715115152565338,0.2284884847434661,0.0
889,occupywallst occupy gather prevent demolition public commercial private use as t,0.8057105273457842,0.1942894726542158,0.0
870,thousands pack istanbuls square arrested across video photos news t co fxnd iuvzq,0.9740658154388412,0.02593418456115892,0.0
202,tomstandage fantastic variation twitter logo via antderosa zeynep t co zceacloqje,0.9287469797143496,0.07125302028565028,0.0
951,stopgeziattack lawyers arrested today word watching you,0.8978463682087404,0.10215363179125955,0.0
914,istanbultelaviv sadly become ecological nightmare pulling trees malls forests bridges flooding,0.9288554058690179,0.0711445941309822,0.0
516,iyad elbaghdadi someone needs write article egypt activists on sides projected politics onto e,0.8773459419646257,0.122654058035374,0.0
976,d dlondon turkeys prime minister says riots caused by menace called twitter t co fj tz ktja t,0.8904196508937612,0.1095803491062387,0.0
1130,glylay urgent petition pressuring erdoan stop crackdown destruction join t co v lp,0.9472217938235861,0.05277820617641398,0.0
656,having mems fam ca believe nearly year miss,0.9432964485736405,0.056703551426359446,0.0
277,for the kurds every day t co rkcijcz md,0.916151797860607,0.08384820213939304,0.0
366,cnnbrk if similar incidents europe i'm sure they dealt harsher way t co owl i,0.6866923033414705,0.31330769665852953,1.0
386,sneijder my heart people defending rights,0.8614884770176023,0.1385115229823975,0.0
597,what happening instanbul a human desire protect space parks trees human dignity t co swaa c,0.9520180557850415,0.047981944214958445,0.0
329,occupychicago baburrealer amazing shot occupyturkey explains everything t co kb jleq direnis ima,0.9599414731586001,0.040058526841399766,0.0
137,hahaha there boner ballsack,0.9288554058690179,0.0711445941309822,0.0
593,cnnbrk massive tear gas clouds fill square riot police push back t co k acnnct p,0.1731877264533855,0.8268122735466145,1.0
765,bbcbreaking photo clashes continue square police t co doj dw xva t co nbap wb,0.6166218182374422,0.3833781817625577,1.0
1206,aylajean protester hit by police panzer toma wait what happebned in i have family there pjenningsuni overwhelmed messages news shutdown local people think world know they do tur,0.6673690152613002,0.3326309847386997,1.0
322,besiktas fans carsi shared image sq roof ataturk cultural center today t co x j o v,0.8159810038409216,0.1840189961590783,0.0
1087,youtube gezipark polis basina karsi police press t co cjxjn umto direngezi direntaksim direnturkiye,0.7221303791576039,0.27786962084239625,0.0
1263,p zalewski earlier tonight intercontinental opens doors t co hbhf t ue,0.935191315596473,0.06480868440352702,0.0
85,anonymous declares opturkey attacks govt websites support news t co r cndde,0.8375284088745134,0.1624715911254868,0.0
842,from zero half billion good piece om jeffiel awfully nice person twilio gt t co duy uszvyi,0.9143348530577364,0.08566514694226351,0.0
436,aylinaslim attack please go live now ivancnn bbcworld bbcnews bbcbreaking reuters cnni cnnbrk,0.9793605949928224,0.02063940500717767,0.0
6,algansez police fascism now t co s jrzut,0.8123164519050716,0.1876835480949285,0.0
63,ivancnn police chopper circling crowd tens thousands filling square the gas sent thousands leaving,0.9741971645738476,0.025802835426152422,0.0
899,denizish,0.9288554058690179,0.0711445941309822,0.0
189,rimskikorsakov killererdogan resistanbul this another chemical used water canons protestors,0.8179276061631207,0.1820723938368793,0.0
1043,stop calling a small green space t co vzhmnvum m,0.9379539851993147,0.06204601480068537,0.0
560,recep tayyip erdogan barack obama is alcoholic he drinks vote akp,0.9370088135980172,0.06299118640198263,0.0
1224,anonymous operation t co thko rmyn,0.8591356112544875,0.14086438874551263,0.0
1285,engulfed across several cities riot police turned battleground t co ot jdnaxpb,0.7511145430225131,0.24888545697748682,0.0
253,vot the police attacking bahcesehir university support us t co fjz cen cc,0.78616307869177,0.21383692130823007,0.0
415,who let penguins out direnataturkhavalimani direnturkiyetayyipgeliyor arkszlerinipenguenledeitir,0.9783120384885309,0.021687961511469005,0.0
327,breathwick that blue mosque month kicked,0.9288554058690179,0.0711445941309822,0.0
159,rodrikdani surely erdogan go world history calling social media society greatest menace,0.7745266494204224,0.22547335057957751,0.0
928,wsjemre police launch crackdown hours erdogan gave final warning w joewsj t co dbgmdlmzr,0.9639021261887777,0.03609787381122245,0.0
1183,sunny hundal your picture day this one lovely via saifrrahman t co kjth pzpwp,0.7550978312586837,0.2449021687413164,0.0
1266,ohboywhatashot fighting live stream t co an uq eds,0.931624572748341,0.06837542725165897,0.0
1063,shareables twitter creates stunning images new york city tokyo using geotagged tweets t co dctooccvb,0.9481421465079182,0.05185785349208187,0.0
297,com video allegedly showing protester run police vehicle ankara t co auiy x ws t,0.8039165211924949,0.1960834788075051,0.0
917,hazarmutgan the police blocking press getting close parki current brutal attack cannot repo,0.8797181639748061,0.12028183602519382,0.0
320,it telling it erdogan mill followers twitter follows one emcmillanscott loeningmarkus,0.937644366757349,0.06235563324265107,0.0
952,alarabiya eng ' turkeys silent majority still supports erdogan ' writes columnist mahirzeynalov t co utuuri ka,0.9313055802572379,0.06869441974276205,0.0
1073,theurgia goetia free vpn access people mon rogerwaters a note rogerwaters regarding t co exr rudf f mon occupywallstnyc the whole world watching t co txpwjedseh,0.878840171078447,0.12115982892155304,0.0
1077,congratulations finished two days greetings e l james t co wxbalcjkte,0.9338742805343978,0.0661257194656024,0.0
625,googlefacts this horse announced beautiful horse world t co ogucesenjr,0.9350861441393189,0.06491385586068135,0.0
57,iowahawkblog it great pleasure welcome friend prime minister erdogan back wh president obama t,0.9234578739124859,0.07654212608751429,0.0
864,erkek cocugu please broadcast police attacks people ankara it happening right now cnnbrk cnn bbcworld reuter,0.332053076789473,0.6679469232105272,1.0
929,dear pontifex this government treats people occupyturkey t co rrzkbszyrj via hurriyet,0.8430520856107424,0.15694791438925756,0.0
649,seyynaz bruce willis let everyone know press working is people dying streets suffering dayan,0.9475127208394832,0.052487279160516674,0.0
900,globalrevlive welhuda tayipstifa more horrendous images today riseup t co qibxj upo t co ztlln,0.9453408860194038,0.05465911398059627,0.0
1160,chezmik lawyers protesting handling detained front courtroom t co ulzqhqgq k t,0.9288554058690179,0.0711445941309822,0.0
1075,uberfacts enjoy cereal bars burgers sushi you might reading this t co faaxhzduy,0.9176435997002724,0.08235640029972746,0.0
1287,zeynep standing people increasing t co wzhnuvehsc duranadam,0.7922091174774627,0.20779088252253733,0.0
105,bbcbreaking hundreds police move past barricades square firing tear gas say eyewitnesses t co ai u i v,0.42047659006823324,0.5795234099317668,1.0
1272,maherzain jumaa mubaraka everyone lovely ya nabi video alhamdulilah reached million views share love,0.9655048348054908,0.03449516519450931,0.0
1090,unidadpopular a another proof showing akp youth streets sticks hand beating eylemvakti h,0.9686574202549553,0.03134257974504471,0.0
838,tarkannisanci cnn mehmet ali alabora lies accusations turkiye tur t co bjnlqhp yn cnn big l,0.9523645699575368,0.04763543004246328,0.0
103,globalrevlive video j barricades reinforced anticipation attack camp tonight istranbul t,0.953409287287599,0.04659071271240102,0.0
219,downwiththedan it really isnt i surprised i went pizza place didnt even donair but pizza,0.9530639218398582,0.04693607816014189,0.0
981,this time weeks i chilling buzzing sunsunsun,0.9288702171939138,0.07112978280608606,0.0
489,wsjemre s more marching bridge asian shore support crackdown,0.9669169198262235,0.03308308017377652,0.0
148,these days one iraq safe one sirya safe one lebanon one pakistan one one safe these days,0.9821980963254759,0.01780190367452399,0.0
887,eremkazancioglu the police start shooting gas inside buildings ankara mainstream tv networks largely ignore clashes occupyg,0.1191250742917472,0.8808749257082529,1.0
199,translation exists democracy exists traducendo ltd supports people t co x tkwit iz,0.9057321595099318,0.09426784049006827,0.0
750,occupysandy police use excessive force peaceful direngaziparki please,0.24514273025531022,0.7548572697446895,1.0
210,charge t co gm esn x via now eng deringezi,0.9019322532896369,0.09806774671036321,0.0
390,firecatz in midst interesting times i love,0.9683643238805593,0.03163567611944087,0.0
664,yavuzbaydar why mainstream media chose show penguins rather kerem oktem t co zpmr l n o,0.9368335637836864,0.0631664362163134,0.0
926,hashtag crazyerdogan says,0.8685942882798188,0.1314057117201812,0.0
540,aylinaslim moby en destek var cdekki karma truly b tch erdogan occupygezipark occupyistanbul occupytaksim taksimsquare taksimgezipark ayshehilal ismihanyilmaz let get picture right called vandalism t co vkox x bak gezipark,0.9232521321498196,0.07674786785018023,0.0
518,youranonnews cnn report police crackdown triggers anti government riots t co yzvkrzvg j,0.6427505821409029,0.35724941785909736,1.0
707,fspthehotline follow continued coverage situation photo taken fshotline user gorkem keser t co c eh,0.9340254297261943,0.06597457027380567,0.0
915,breakingnews erdogan return bordering illegality must end immediately ap,0.9068517562585884,0.09314824374141177,0.0
270,speakers calling people across come erdogan returns 'make lot noise hear us',0.9028902074182691,0.09710979258173089,0.0
690,cyberela this needs confirmation https t co p zsph se in ankara one police used gun shot citizen,0.6914423118159653,0.3085576881840346,0.0
1186,alarabiya eng turkeys ak party rules early polls mass renew t co ze v pospi via alarabiya eng akp,0.8996220598650277,0.10037794013497214,0.0
653,urgent petition pressuring erdoan stop crackdown destruction join t co jwrihcjupr,0.9472217938235861,0.05277820617641398,0.0
920,bbc news dam plan causes controversy t co vb yfoogpf,0.9164108592636524,0.08358914073634775,0.0
349,educators pass iet information t co whlan npxw,0.9288554058690179,0.0711445941309822,0.0
802,ok fine goodbye man end gt lt,0.8389872123121794,0.16101278768782054,0.0
1174,openermedia the end of humanity utopia t co bomlbeop stopmonsanto earth changes green turquia climate iii w,0.879733412735622,0.12026658726437782,0.0
1151,chris stopp her that crawfish neck corn potato w house special owe nothing,0.9176435997002724,0.08235640029972746,0.0
1127,my tl dryer,0.9288554058690179,0.0711445941309822,0.0
513,photos show why should be front page story via policymic c rice t co xisdsolxwa,0.9780983188701429,0.021901681129857107,0.0
650,guardianworld are square share stories pictures us https t co ovwdy zsx,0.9387497872671917,0.061250212732808215,0.0
902,news analysis history military coups hangs t co uo yu tb,0.9348113552391673,0.06518864476083282,0.0
246,com mayor says shopping mall built military barracks project continue latest t co,0.871415570521819,0.12858442947818094,0.0
1000,fidel silence crime police brutality please occupyturkey wearegezi t co es rmzo b,0.939713464096452,0.06028653590354813,0.0
1067,un continuing spreading world this los angeles occupyturkey t co fnhipu wzn,0.9472739088946599,0.05272609110534015,0.0
276,ecolab th national biocidal congress international participation held march antalya,0.9423923425584895,0.05760765744151048,0.0
736,cnn chaos overtakes tear gas water cannons fireworks t co acaigtvj details live cnn tv,0.2292153099876116,0.7707846900123886,1.0
1237,jorgepontual h please help us changebrazi occupybrazil todarevoluaocomeacomumafasca t co zxb zqqa,0.9371384486274543,0.06286155137254541,0.0
275,girlphenom yeah occupy movement save police went nuts,0.7739864768457914,0.22601352315420883,0.0
743,simply stage things work big public stage see arena live spectators drama unfolds,0.9490990488427423,0.050900951157257644,0.0
904,gunseli now t co aqec xmo t,0.9288554058690179,0.0711445941309822,0.0
788,a deeper look erdogan psych t co ukoyuxklhx tarangonyt,0.9126192443469435,0.08738075565305631,0.0
764,moniquejaques crazy think streets filled clashes hours ago now thescene happy pride march,0.9365918518382285,0.06340814816177155,0.0
258,heavy attack right now police cleared square heading camp t co amkdrewpzs,0.8627159791203307,0.13728402087966932,0.0
1042,tesa sign says this this abuse state power media censorship democracy bxl t,0.9567978894105899,0.04320211058941001,0.0
830,banuakdenizli this well might one powerful images a whirling dervish gas mask https t co lv,0.8746078921437522,0.125392107856248,0.0
758,healed vulture set free niagara gorge t co bhbgkrqawb,0.939958532097928,0.06004146790207192,0.0
310,becoming people t co mkjgwnqhbx,0.8458019114944773,0.1541980885055228,0.0
839,towels imported from imported from maaaaine,0.9288554058690179,0.0711445941309822,0.0
589,tear gas pressurized water that behalf democracy usa amnesty t co ap eboor,0.7156932016293982,0.2843067983706018,0.0
841,zeynep erdim crowd chants gov't resign solidarity fascism t co l ievhn n,0.9581002191943244,0.04189978080567556,0.0
212,betass provokatrbabakanstemiyoruz foreign people search it what happening everyone know,0.8796250212732304,0.12037497872676951,0.0
293,georgetakei stop talking amanda bynes instead read watch gripping video montage happening,0.9798958446924161,0.020104155307584012,0.0
15,guess everybody forgot london riots and its' host t co ld noppz r,0.9038376381033544,0.09616236189664545,0.0
213,fracicardi fashionable wear gas mask helmet goggles downtown now not sure many actually stay violence erup,0.7425296610967849,0.2574703389032152,0.0
144,postvirtual occupation police everywhere today relatively quiet,0.8421805872264848,0.1578194127735155,0.0
1134,occupywallstnyc the whole world watching t co txpwjedseh,0.9369814219295418,0.06301857807045827,0.0
1081,bowenbbc condemn actions taken peaceful t co zco nfmz o please help,0.9182449879596288,0.08175501204037108,0.0
383,cbcalerts talk something worth it bloody friday t co luocvfsxqo,0.9258261631203707,0.07417383687962915,0.0
1184,danielstork tear gas dutch consulate holland consulate t co y pdivvcfp,0.6552297670192871,0.34477023298071297,1.0
96,secret police agents provocateurs infiltrating square its oldest trick kgb handbook t co y f dzmb z,0.8021487819482893,0.19785121805171083,0.0
214,ivancnn my report square crowd chants tayyip resign t co itstjekgt,0.9599786536272032,0.04002134637279682,0.0
230,noteradcom huffingtonpost photos turn violent what began peaceful aimed t co blxqycnc,0.7215051690745158,0.2784948309254843,0.0
106,turkiye media afraid silenced pls tell world askally matt smit tayipstifa t co isaut yynj,0.9313745765154331,0.06862542348456682,0.0
762,denizz d bellathorne i take i love much turks repost sezylmz what going moment new page us history t co vzqyfkmajf ela suleymangil big clean parki streets now returning festival atmosphere whole star so jealous grandma right now enginbas people trying assist dog also effected tear gas police t co c j yuodlw asteris com continue gather square following withdrawal heavy police presence t co auiy x ws o,0.488853710663952,0.5111462893360479,1.0
280,ugh antderosa omg u guys can you believe what happened to me in t co rvb vil a,0.9288554058690179,0.0711445941309822,0.0
1080,nickkristof young people thronging streets iran the ones teargassed,0.9317931098321672,0.06820689016783267,0.0
410,everydaysexism a guardian article sexual abuse kurdish women prisons t co djy orme everydaysexism,0.9198099399588866,0.08019006004111355,0.0
814,carlbildt needs dialogue order develop democracy eu expresses concern t co lwjp n i,0.9262964196220117,0.07370358037798808,0.0
147,napabilirsinki the 'fight club' style rules of protesting in t co hre jcirbg via bi defense,0.8676286646516085,0.1323713353483916,0.0
1007,devrimgunduz a pic infirmary square https t co uvgdzyw m occupyturkey stopthisviolence,0.9398761303355876,0.060123869664412306,0.0
1107,a little champagne might boost brain power t co dhnqoqbe s,0.9288554058690179,0.0711445941309822,0.0
776,kaytazoff meanwhile nearby restaurant toma water cannon menu gezihumours t co krtvq htk,0.8039921866259067,0.19600781337409356,0.0
553,defiant unrest goes third day ankara reuters lit fires t co axcdqmgdq,0.9225548027849516,0.07744519721504826,0.0
421,wanna go back mumma t co mbfzuol fm,0.9299408051684173,0.07005919483158267,0.0
1310,anonymous wolrd amazing photo people walking towards directions last night t co vx a wsr l,0.751924195678804,0.24807580432119597,0.0
1293,justin kam kom gel turkishbelieberswantnewconcertinnextyear,0.9288554058690179,0.0711445941309822,0.0
901,skype mexico city no problem distance worry past w skype premium t co plqwd xz t co fnuqso,0.9288554058690179,0.0711445941309822,0.0
1241,acarvin selfie day woman wearing gas mask preparing lemon help tear gas t co b,0.4897444205051402,0.5102555794948597,1.0
1308,zaidzamanhamid punished well standing israel seculars alawites israelis anti islamist west j,0.8586762362450919,0.1413237637549079,0.0
290,benjaminharvey after day ignoring police violence every major channel aired entire minute presser b,0.19391303602215387,0.8060869639778463,1.0
110,lakarune these pix police brutality enough govt call cops talk ppl t co b,0.6786264313461479,0.3213735686538522,1.0
514,direngezi camanpour bianet saysnisantasi police covering id numbers helmets no one id use violence,0.419921607800209,0.5800783921997911,1.0
636,globalrevlive police attacking belieber b wait you come d bbcbreaking photo clashes continue square police t co doj dw xva t co nbap wb in pictures clashes police move square t co ftzuyfiszo update t co tucyqvcchs direntaksim richardengel as wind clears gas demonstrators return its back forth t co nipy wdi b,0.0028761555331607023,0.9971238444668395,1.0
751,somersivrioglu this what happenning right capulchulartakipleiyor t co vm p jmjxj,0.9176123047347102,0.0823876952652897,0.0
550,tintin assad soldiers brutally torturing syrian civilians syria usa israel canada q,0.9825808138376421,0.01741918616235806,0.0
251,everyday we chapulling amazing way direngezi direnizmir direnturkiye t co f spmpvf w,0.8561346676324015,0.1438653323675985,0.0
502,in istanbuls heart leaders obsession perhaps achilles heel t co fwyrl rr q,0.9626650230020074,0.03733497699799268,0.0
234,fttheworld erdogan steps back final confrontation trying strike outline deal t co cg zrt zv,0.8872067972596734,0.11279320274032688,0.0
732,problem up brian dog tho raecuteass this dog good af,0.9143348530577364,0.08566514694226351,0.0
1132,erinswings parki symbol noncooperation unity people this end fascist government di,0.7668804955813787,0.23311950441862142,0.0
56,bbcworld prime minister erdogan meet gmt plans redevelop t co x,0.9672069497567235,0.03279305024327647,0.0
1172,my managers better holiday employeeoftheyear cocktails t co jrdaaykqgo,0.9355580542490882,0.06444194575091175,0.0
423,thetweetofgod in dictatorship one man fucks country in democracy everyone together,0.9541596497030277,0.045840350296972296,0.0
587,i dont see anthony calls dumb doesnt know bacon made rolls around snow stay white lmfao,0.9554333067937212,0.044566693206278866,0.0
591,com photo protester injured demonstartion ankara t co auiy x ws t co mwqm k,0.6549735172162369,0.3450264827837632,1.0
503,cem ozer just biber generation https t co zntnjdfqs,0.9307332046462465,0.06926679535375346,0.0
1115,anjumkiani western intel used power social media exagerate situation syria libya in iran pakistan,0.9631168226184811,0.036883177381518986,0.0
977,ajelive taken square rawyarageh ground more soon,0.9047184800996343,0.09528151990036585,0.0
537,fridafos amnesty internationals issuing international call activists take action police violence direngezi,0.3721488699220845,0.6278511300779157,1.0
24,new form standing silently t co czn dpooxo,0.9377397315865873,0.062260268413412874,0.0
1148,mahirzeynalov erdogan those attack headscarved sisters drank alcohol dolmabahce mosque bring,0.9727433041762623,0.02725669582373766,0.0
1259,msintervention erdogan claims jewish investors behind it bound happen t co udc digs,0.94328260957348,0.05671739042651991,0.0
460,ajelive union members hold warning strike crackdown t co bvdej qwg,0.9161653762678443,0.08383462373215571,0.0
195,papazsende ununiformed cops attacking shops provocation cnn live square nytimes,0.8292885719545999,0.1707114280454,0.0
429,feni crystal killed far t co wrjj pheq via sharethis,0.9524477651694188,0.04755223483058123,0.0
279,post edited no letup t co gzr maefw,0.9257134662949679,0.07428653370503231,0.0
711,nytimes started over trees t co ko aehztfc,0.9663421500586709,0.03365784994132922,0.0
222,simsek says erdogan reformist leader brought fundamental rights freedoms transparency t co sfcucdk x,0.912539985705892,0.08746001429410803,0.0
1124,brown moses here amusing image world thinks t co ptcxglpymq,0.891976642899635,0.10802335710036508,0.0
442,wsjemre erdogan says opposition stuck says wished stronger opposition benefit democracy,0.9501230437183323,0.04987695628166757,0.0
97,ulibeudgen occupyfrankfurt everywhere sndenblock occupyfrankfurt blockupy occupytaksim t co m cpkcomls,0.8945737271332509,0.10542627286674895,0.0
313,youranonnews mainstream media tv channels go live erdogans arrival censorship anyone t co,0.8722341256371662,0.12776587436283388,0.0
308,ivancnn its astounding i seen almost coverage paralyzing life downtown tv except,0.9412636343654178,0.058736365634582066,0.0
216,carinfmartins long hungry i could could ham could roast,0.9288554058690179,0.0711445941309822,0.0
1064,newsonthemin breaking a year old man died taxi drove group,0.8395854034924491,0.16041459650755094,0.0
285,monster breakfast scrambled eggs cottage cheese bacon toasted oatalicious bread bring on leg day t co mzmrpa zby,0.9208846079710111,0.079115392028989,0.0
337,sarahhashem erdogan sultan name one around sigh yes daily porn leader,0.9457104656256813,0.05428953437431866,0.0
198,alexisohanian awful news coming real time r worldnews t co dczs edtql,0.9434663854067187,0.05653361459328129,0.0
75,opinion recep tayyip erdogan riots t co anwbssefwh,0.9145945560852158,0.08540544391478425,0.0
620,zeynep announcement the police getting ready put masks helmets,0.9447152403253469,0.05528475967465298,0.0
506,sweden appreciated act objective logically eu accession they aware people deserve democracy,0.9094985257356825,0.09050147426431734,0.0
453,taxi drivers blocking water canon trucks moving towards people https t co htni kp n,0.6376359191941261,0.36236408080587396,1.0
955,georgelineker dont know follower,0.9384587201794726,0.06154127982052753,0.0
831,think police terror ended check coverage haberturktv ankara morning direngezi t co ltyjdhhtlr,0.581835709945592,0.4181642900544078,1.0
897,etemelkuran after mayor promise intervention families even kids all attacked massive tear gas fier,0.5268665918316523,0.4731334081683478,1.0
1204,lostislamichist the rustem pasha mosque famous blue iznik tiles t co cbqf lbyox,0.9288554058690179,0.0711445941309822,0.0
1175,chrismorris how government deals media says lot really thinks freedom expression,0.8268267637402766,0.17317323625972317,0.0
53,turkeyemergency a friend asked policeman taping id numbers they order us things get prosecut,0.8987633187920167,0.10123668120798326,0.0
1182,anon govwatchca winyanstaz time get pitchforks n torches march parliament screamin off with their heads or peaceful,0.9077363329842446,0.09226366701575581,0.0
1209,derekstoffelcbc police using water cannons push people more tear gas fired well tension esca,0.12795441247957673,0.8720455875204234,1.0
66,smartbynature v early cooked meal potatoes roast pot peas burgers dish doritos good i know awww,0.9080690066521842,0.09193099334781588,0.0
25,blocking bulldozers tear gassed t co g riv k f,0.88003236494094,0.11996763505905986,0.0
140,hkanji,0.9288554058690179,0.0711445941309822,0.0
18,akp genius created standing men standing standing man duranadam,0.6670099435406338,0.3329900564593662,1.0
223,unrest mass rally erdogan amid new clashes bbc news via world google news bbc t co rolnnknx,0.6560556904242969,0.3439443095757032,1.0
1301,peacefull protestors attack please go live now ivancnn bbcworld bbcnews bbcbreaking reuters cnni cnnbrk,0.9884109071337575,0.01158909286624246,0.0
257,in new form standing silently hours t co ptocrbpozf,0.9811898607564822,0.01881013924351766,0.0
953,untoldcarlisle we call citizens order claim demands us ta,0.9753933763940213,0.024606623605978668,0.0
1267,willblackwriter dear government syrian government criticises attacking peaceful know,0.691766714318439,0.3082332856815611,0.0
679,halktv candir direngaziparki,0.9288554058690179,0.0711445941309822,0.0
479,dossthayati chemicals used people throwing bleeding everywhere nothing tv help us cnn reuters bbcwo,0.5607301264205514,0.4392698735794484,1.0
1205,kudos israel breakingnews israel netanyahu confirms apologizing deadly flotilla raid afp t co yv jk fen,0.9783120384885309,0.021687961511469005,0.0
986,my friend gene playing tambourine zuccotti occupygezinyc resistanbul ows so https t co fnuezbrmxc,0.9145741763374645,0.0854258236625354,0.0
65,m aksut zeynepozar many reports live streams pics usual journalism black hole means i ca make sense it,0.9391566822254508,0.0608433177745492,0.0
792,erdogan ak supporters vested interests the danger politicalparties prevents democracy t co e x lm ik,0.9834292704021735,0.016570729597826572,0.0
